key,name,higher,total,amphibian,bird,fish,fungus,insect,mammal,plant,reptile,plant.graminoid-families,plant.fern-horsetail-class,plant.bryophyte-phyla,plant.clubmoss-class,plant.algal-phyla,animal.insects,animal.arachnids,animal.molluscs,animal.crustacean-candidate-classes,animal.springtails,animal.millipede-centipede-classes,insect.lepidoptera,insect.coleoptera,insect.diptera,insect.hymenoptera,insect.hemiptera,insect.odonata,chordate.elasmobranchii,chordate.lamprey-class,chordate.ascidiacea,plant.remaining-without-reviewed-growth-form,animal.other-invertebrates,chordate.class-missing,plantLifeform
de-krg-01002000,"Kiel, Landeshauptstadt",Deutschland › Schleswig-Holstein,602,3,57,0,39,249,9,242,3,10,4,3,0,0,216,12,15,5,0,0,72,39,21,33,23,15,0,0,0,225,1,0,174
de-krg-01003000,"Lübeck, Hansestadt",Deutschland › Schleswig-Holstein,835,5,86,0,78,375,14,273,4,3,3,0,0,0,342,12,17,3,0,0,136,52,38,49,25,21,0,0,0,267,1,0,202
de-krg-01051000,Dithmarschen,Deutschland › Schleswig-Holstein,588,5,97,14,35,276,6,150,5,4,2,0,0,0,248,8,16,4,0,0,128,30,28,21,15,14,2,0,0,144,0,12,121
de-krg-01053000,Herzogtum Lauenburg,Deutschland › Schleswig-Holstein,725,5,78,11,96,286,9,236,4,10,5,16,0,0,262,10,10,3,0,1,93,40,24,31,26,26,0,1,0,205,1,10,169
de-krg-01054000,Nordfriesland,Deutschland › Schleswig-Holstein,881,4,105,20,167,335,8,239,3,15,2,12,1,1,260,8,39,13,1,0,130,30,29,25,14,18,3,0,1,208,15,16,162
de-krg-01055000,Ostholstein,Deutschland › Schleswig-Holstein,800,6,103,13,150,275,8,242,3,12,2,9,0,0,244,9,16,4,0,0,76,46,26,31,20,29,0,0,0,219,2,13,161
de-krg-01056000,Pinneberg,Deutschland › Schleswig-Holstein,757,4,124,20,24,360,7,213,5,6,2,1,1,0,305,10,22,9,12,0,143,42,30,29,21,25,0,2,0,203,14,18,158
de-krg-01057000,Plön,Deutschland › Schleswig-Holstein,810,7,97,12,144,262,9,276,3,11,3,22,0,0,224,9,22,6,0,0,79,39,24,31,18,18,0,0,0,240,1,12,185
de-krg-01058000,Rendsburg-Eckernförde/Neumünster,Deutschland › Schleswig-Holstein,1097,5,77,20,252,392,9,338,4,16,10,18,0,0,352,12,22,5,0,0,150,54,31,39,27,29,0,2,0,294,1,18,221
de-krg-01059000,Schleswig-Flensburg/Flensburg,Deutschland › Schleswig-Holstein,640,5,74,15,84,223,6,229,4,4,2,15,0,0,197,9,13,4,0,0,73,28,26,25,16,17,0,2,0,208,0,13,163
de-krg-01060000,Segeberg,Deutschland › Schleswig-Holstein,674,5,63,12,105,259,7,219,4,3,2,11,0,0,231,12,12,4,0,0,84,45,18,29,20,19,0,2,0,203,0,10,159
de-krg-01061000,Steinburg,Deutschland › Schleswig-Holstein,450,3,61,18,43,194,5,121,5,5,0,1,0,0,178,6,7,3,0,0,60,25,25,18,17,17,0,2,0,115,0,16,103
de-krg-01062000,Stormarn,Deutschland › Schleswig-Holstein,560,6,71,10,65,190,9,206,3,7,4,9,0,0,172,6,9,3,0,0,51,34,13,21,12,28,0,0,0,186,0,10,149
de-krg-02000000,"Hamburg, Freie und Hansestadt",Deutschland › Hamburg,1126,6,71,6,77,519,11,432,4,16,9,5,0,0,480,15,16,7,1,0,205,96,39,32,41,35,0,0,0,402,1,6,274
de-krg-03101000,"Braunschweig, Stadt",Deutschland › Niedersachsen,858,7,69,6,59,381,12,322,2,6,4,11,0,0,340,18,17,5,0,1,105,71,31,44,42,22,0,0,0,301,1,6,229
de-krg-03102000,"Salzgitter, Stadt",Deutschland › Niedersachsen,319,4,52,0,9,95,7,149,3,4,3,0,0,0,84,5,5,1,0,0,31,10,6,11,9,7,0,0,0,142,0,0,102
de-krg-03103000,"Wolfsburg, Stadt",Deutschland › Niedersachsen,276,5,72,0,8,115,7,67,2,0,0,0,0,0,105,5,5,0,0,0,29,12,14,18,9,11,0,0,0,67,0,0,59
de-krg-03151000,Gifhorn,Deutschland › Niedersachsen,534,5,61,5,23,260,9,167,4,3,2,9,0,0,241,9,8,2,0,0,98,35,17,21,15,38,0,0,0,153,0,5,135
de-krg-03153000,Goslar,Deutschland › Niedersachsen,772,6,60,4,40,362,15,283,2,8,8,21,1,0,318,31,9,3,0,1,157,48,26,26,19,23,0,0,0,245,1,4,171
de-krg-03154000,Helmstedt,Deutschland › Niedersachsen,391,4,51,6,18,156,8,145,3,3,1,10,0,0,143,5,7,1,0,0,42,22,15,29,14,11,0,0,0,131,0,6,112
de-krg-03155000,Northeim,Deutschland › Niedersachsen,642,5,79,2,20,310,9,213,4,4,0,3,0,0,274,21,6,4,2,3,85,68,28,27,33,16,0,0,0,206,5,2,163
de-krg-03157000,Peine,Deutschland › Niedersachsen,375,4,61,1,14,171,6,117,1,4,1,4,0,0,153,9,8,1,0,0,44,24,17,23,19,14,0,0,0,108,0,1,98
de-krg-03158000,Wolfenbüttel,Deutschland › Niedersachsen,447,7,62,0,25,198,8,145,2,2,3,6,0,0,179,8,8,3,0,0,46,30,17,28,36,11,0,0,0,134,0,0,106
de-krg-03159000,Göttingen,Deutschland › Niedersachsen,1366,7,74,5,96,742,14,424,4,24,9,27,0,0,688,22,20,6,5,1,378,93,39,50,65,21,0,0,0,364,6,5,262
de-krg-03241000,Region Hannover,Deutschland › Niedersachsen,1251,8,79,11,138,561,10,439,5,12,7,40,0,0,524,16,16,4,0,1,227,76,44,54,49,33,0,0,0,380,1,11,284
de-krg-03251000,Diepholz/Delmenhorst,Deutschland › Niedersachsen,500,5,90,7,17,181,7,188,5,9,1,1,0,0,167,7,6,1,0,0,56,25,15,18,19,19,0,0,0,177,0,7,149
de-krg-03252000,Hameln-Pyrmont,Deutschland › Niedersachsen,459,5,69,8,37,134,8,195,3,5,5,7,0,0,116,7,7,4,0,0,32,21,12,16,18,7,0,0,0,178,0,8,132
de-krg-03254000,Hildesheim,Deutschland › Niedersachsen,849,6,58,14,68,334,16,350,3,7,4,10,0,0,304,11,14,4,0,1,102,55,31,33,45,18,0,0,0,329,1,14,239
de-krg-03255000,Holzminden,Deutschland › Niedersachsen,343,6,60,0,14,89,9,162,3,6,4,4,0,0,82,4,3,0,0,0,35,11,7,10,10,5,0,0,0,148,0,0,103
de-krg-03256000,Nienburg (Weser),Deutschland › Niedersachsen,352,4,83,8,47,85,7,114,4,4,0,1,0,0,75,4,6,0,0,0,30,8,5,10,7,9,0,0,0,109,0,8,95
de-krg-03257000,Schaumburg,Deutschland › Niedersachsen,411,8,81,2,16,159,10,133,2,3,0,1,0,0,142,8,7,2,0,0,44,27,11,19,20,11,0,0,0,129,0,2,106
de-krg-03351000,Celle,Deutschland › Niedersachsen,647,3,59,11,39,287,9,235,4,5,1,0,0,0,265,10,11,1,0,0,78,46,28,25,24,41,0,0,0,229,0,11,184
de-krg-03352000,Cuxhaven,Deutschland › Niedersachsen,687,4,112,9,24,351,11,172,4,5,1,11,0,0,330,6,11,4,0,0,205,22,17,13,14,36,0,0,0,155,0,9,126
de-krg-03353000,Harburg,Deutschland › Niedersachsen,724,9,83,4,49,336,11,227,5,12,7,19,0,0,312,10,11,3,0,0,131,37,19,21,33,36,0,0,0,189,0,4,155
de-krg-03354000,Lüchow-Dannenberg,Deutschland › Niedersachsen,585,8,87,0,16,293,10,167,4,4,0,6,0,0,284,5,4,0,0,0,102,41,23,44,20,28,0,0,0,157,0,0,118
de-krg-03355000,Lüneburg,Deutschland › Niedersachsen,1460,8,84,7,154,886,14,302,5,12,6,24,0,0,854,13,12,6,0,1,502,88,64,80,49,26,0,0,0,260,1,7,206
de-krg-03356000,Osterholz,Deutschland › Niedersachsen,307,4,61,7,4,133,4,90,4,1,0,1,0,0,122,5,5,1,0,0,43,16,10,11,12,22,0,0,0,88,0,7,77
de-krg-03357000,Rotenburg (Wümme),Deutschland › Niedersachsen,388,4,55,7,21,174,7,115,5,3,1,1,0,0,160,7,6,1,0,0,56,20,15,13,17,21,0,0,0,110,0,7,93
de-krg-03358000,Heidekreis,Deutschland › Niedersachsen,845,8,65,1,69,465,17,215,5,14,2,33,2,0,444,10,8,3,0,0,251,49,23,25,31,30,0,0,0,164,0,1,128
de-krg-03359000,Stade,Deutschland › Niedersachsen,342,5,66,5,17,130,6,109,4,3,0,0,0,0,120,3,5,2,0,0,33,17,13,17,13,16,0,0,0,106,0,5,96
de-krg-03360000,Uelzen,Deutschland › Niedersachsen,433,6,74,0,19,157,8,166,3,2,1,2,0,0,145,5,6,1,0,0,46,14,11,13,13,28,0,0,0,161,0,0,123
de-krg-03361000,Verden,Deutschland › Niedersachsen,363,3,59,15,6,144,4,131,1,4,0,1,0,1,132,6,5,1,0,0,42,14,12,21,16,15,0,0,0,125,0,15,113
de-krg-03403000,"Oldenburg (Oldenburg), Stadt",Deutschland › Niedersachsen,571,6,76,4,23,232,10,217,3,19,5,3,1,0,194,13,21,4,0,0,54,27,22,20,22,24,0,0,0,189,0,4,161
de-krg-03404000,"Osnabrück, Stadt",Deutschland › Niedersachsen,397,4,49,0,16,180,10,136,2,4,3,11,0,0,153,13,9,5,0,0,50,17,15,32,15,13,0,0,0,118,0,0,102
de-krg-03451000,Ammerland,Deutschland › Niedersachsen,381,5,69,0,15,163,12,114,3,2,1,1,0,0,140,10,9,4,0,0,44,20,17,14,14,16,0,0,0,110,0,0,79
de-krg-03452000,Aurich/Emden,Deutschland › Niedersachsen,568,4,99,3,19,225,9,207,2,13,1,6,0,0,181,7,26,6,0,0,91,16,18,16,11,15,2,0,0,187,5,1,153
de-krg-03453000,Cloppenburg,Deutschland › Niedersachsen,343,5,68,0,26,123,7,111,3,4,2,1,0,0,118,3,2,0,0,0,38,13,13,10,11,23,0,0,0,104,0,0,86
de-krg-03454000,Emsland,Deutschland › Niedersachsen,721,6,81,12,42,381,13,181,5,7,2,9,1,0,366,7,6,2,0,0,244,27,18,14,18,22,0,0,0,162,0,12,138
de-krg-03455000,Friesland/Wilhelmshaven,Deutschland › Niedersachsen,427,5,97,0,11,159,11,143,1,9,3,2,0,0,128,6,18,6,0,0,42,13,16,15,11,18,0,0,0,129,1,0,104
de-krg-03456000,Grafschaft Bentheim,Deutschland › Niedersachsen,650,5,73,5,38,334,6,184,5,8,3,9,1,0,319,6,6,3,0,0,170,32,30,21,20,28,0,0,0,163,0,5,137
de-krg-03457000,Leer,Deutschland › Niedersachsen,440,4,92,10,12,169,7,145,1,5,2,2,0,0,123,5,25,5,0,0,49,13,12,8,10,20,3,0,0,136,11,7,111
de-krg-03458000,Oldenburg,Deutschland › Niedersachsen,480,6,75,7,29,207,14,138,4,3,0,1,0,0,185,10,8,4,0,0,55,32,21,18,19,20,0,0,0,134,0,7,114
de-krg-03459000,Osnabrück,Deutschland › Niedersachsen,761,5,74,3,43,367,25,241,3,7,7,12,0,0,342,12,8,3,1,1,149,51,33,29,35,18,0,0,0,215,2,3,173
de-krg-03460000,Vechta,Deutschland › Niedersachsen,248,4,85,0,2,87,8,61,1,1,0,0,0,0,84,2,1,0,0,0,23,6,7,10,8,19,0,0,0,60,0,0,52
de-krg-03461000,Wesermarsch,Deutschland › Niedersachsen,305,5,102,0,3,110,9,73,3,2,0,0,0,0,89,4,16,1,0,0,26,5,10,14,7,18,0,0,0,71,0,0,52
de-krg-03462000,Wittmund,Deutschland › Niedersachsen,432,4,98,4,15,200,4,104,3,3,1,8,0,0,179,8,9,4,0,0,92,9,21,13,12,19,0,0,0,92,0,4,79
de-krg-04011000,"Bremen, Stadt",Deutschland › Bremen,680,3,68,16,13,366,8,203,3,3,2,1,0,0,330,17,9,5,5,0,148,41,26,35,34,23,0,0,0,197,5,16,158
de-krg-04012000,"Bremerhaven, Stadt",Deutschland › Bremen,238,2,97,0,0,82,9,48,0,0,0,0,0,0,71,2,5,4,0,0,17,12,13,11,9,6,0,0,0,48,0,0,42
de-krg-05111000,"Düsseldorf, Stadt",Deutschland › Nordrhein-Westfalen,787,4,52,14,25,390,9,289,4,9,3,2,0,0,360,15,9,6,0,0,222,28,24,20,26,21,0,0,0,275,0,14,229
de-krg-05112000,"Duisburg, Stadt",Deutschland › Nordrhein-Westfalen,838,4,73,6,40,434,7,271,3,7,5,3,0,0,408,15,7,4,0,0,246,48,19,20,27,28,0,0,0,256,0,6,214
de-krg-05113000,"Essen, Stadt",Deutschland › Nordrhein-Westfalen,905,6,45,6,72,464,11,298,3,14,9,9,0,1,395,36,20,5,5,3,116,79,50,39,63,22,0,0,0,265,8,6,204
de-krg-05114000,"Krefeld, Stadt",Deutschland › Nordrhein-Westfalen,381,4,47,0,12,163,8,145,2,6,1,1,0,0,146,10,6,1,0,0,30,27,22,20,25,14,0,0,0,137,0,0,125
de-krg-05116000,"Mönchengladbach, Stadt",Deutschland › Nordrhein-Westfalen,282,4,54,5,5,119,8,85,2,4,0,0,0,0,104,9,4,2,0,0,34,12,11,13,14,12,0,0,0,81,0,5,71
de-krg-05117000,"Mülheim an der Ruhr, Stadt",Deutschland › Nordrhein-Westfalen,551,5,61,5,25,253,8,189,5,12,7,1,0,0,228,15,7,3,0,0,97,38,18,14,30,16,0,0,0,169,0,5,149
de-krg-05119000,"Oberhausen, Stadt",Deutschland › Nordrhein-Westfalen,461,5,49,1,12,164,7,221,2,6,8,0,0,0,145,10,6,3,0,0,47,18,12,12,12,28,0,0,0,207,0,1,165
de-krg-05120000,"Remscheid, Stadt",Deutschland › Nordrhein-Westfalen,391,4,40,0,29,181,8,126,3,2,6,1,0,0,157,11,9,3,0,1,84,17,15,11,16,4,0,0,0,117,1,0,100
de-krg-05122000,"Solingen, Klingenstadt",Deutschland › Nordrhein-Westfalen,441,4,53,0,9,211,7,154,3,4,4,1,0,0,196,7,6,2,0,0,108,27,12,10,13,14,0,0,0,145,0,0,103
de-krg-05124000,"Wuppertal, Stadt",Deutschland › Nordrhein-Westfalen,601,5,44,0,30,358,9,152,3,4,5,0,0,0,327,19,10,2,0,0,250,18,10,13,16,4,0,0,0,143,0,0,114
de-krg-05154000,Kleve,Deutschland › Nordrhein-Westfalen,1223,5,100,19,99,553,11,433,3,37,6,9,0,0,517,14,17,5,0,0,236,63,59,54,44,33,0,0,0,381,0,19,279
de-krg-05158000,Mettmann,Deutschland › Nordrhein-Westfalen,857,4,60,5,37,449,12,285,5,13,6,4,0,0,424,13,8,4,0,0,272,37,27,23,26,15,0,0,0,262,0,5,216
de-krg-05162000,Rhein-Kreis Neuss,Deutschland › Nordrhein-Westfalen,569,4,59,3,18,254,8,220,3,6,2,0,0,0,223,16,10,5,0,0,78,37,21,22,31,15,0,0,0,212,0,3,174
de-krg-05166000,Viersen,Deutschland › Nordrhein-Westfalen,879,5,91,15,90,356,11,306,5,11,8,7,0,0,323,16,11,5,0,1,126,54,34,26,34,29,0,0,0,280,1,15,227
de-krg-05170000,Wesel,Deutschland › Nordrhein-Westfalen,762,6,83,9,23,340,11,286,4,13,3,0,0,0,314,14,8,4,0,0,154,41,24,17,31,25,0,0,0,270,0,9,230
de-krg-05314000,"Bonn, Stadt",Deutschland › Nordrhein-Westfalen,742,8,51,5,34,339,10,290,5,7,7,3,0,0,298,20,11,6,3,1,117,52,25,31,32,18,0,0,0,273,4,5,226
de-krg-05315000,"Köln, Stadt",Deutschland › Nordrhein-Westfalen,759,6,56,5,23,354,9,301,5,6,5,1,0,0,321,19,8,5,0,1,162,36,19,27,28,25,0,0,0,289,1,5,239
de-krg-05316000,"Leverkusen, Stadt",Deutschland › Nordrhein-Westfalen,437,5,40,0,9,244,10,127,2,4,1,0,0,0,221,14,6,3,0,0,101,34,20,20,24,8,0,0,0,122,0,0,109
de-krg-05334000,Städteregion Aachen,Deutschland › Nordrhein-Westfalen,1174,6,63,9,63,605,18,405,5,20,10,5,0,0,565,18,15,5,0,1,353,50,42,28,34,25,0,0,0,370,2,9,263
de-krg-05358000,Düren,Deutschland › Nordrhein-Westfalen,613,8,66,11,23,217,13,270,5,4,3,0,0,0,200,8,6,2,0,1,72,30,13,15,16,33,0,0,0,263,1,11,216
de-krg-05362000,Rhein-Erft-Kreis,Deutschland › Nordrhein-Westfalen,539,6,71,13,10,220,8,206,5,4,1,0,0,0,199,13,6,2,0,0,85,26,10,20,18,26,0,0,0,201,0,13,169
de-krg-05366000,Euskirchen,Deutschland › Nordrhein-Westfalen,751,6,66,8,36,285,14,333,3,23,4,1,0,0,271,7,5,1,0,1,152,31,19,10,21,14,0,0,0,305,1,8,212
de-krg-05370000,Heinsberg,Deutschland › Nordrhein-Westfalen,871,6,74,20,52,445,12,259,3,16,5,1,0,0,426,10,6,3,0,0,212,51,21,18,51,39,0,1,0,237,0,19,202
de-krg-05374000,Oberbergischer Kreis,Deutschland › Nordrhein-Westfalen,588,5,54,8,23,302,10,182,4,3,5,2,0,0,285,10,5,2,0,0,180,25,14,11,16,20,0,0,0,172,0,8,142
de-krg-05378000,Rheinisch-Bergischer Kreis,Deutschland › Nordrhein-Westfalen,722,6,44,5,27,428,10,197,5,6,6,1,0,0,385,22,11,5,3,1,124,44,95,37,43,19,0,0,0,184,5,5,154
de-krg-05382000,Rhein-Sieg-Kreis,Deutschland › Nordrhein-Westfalen,925,7,63,12,40,498,15,285,5,9,6,1,0,0,472,14,7,4,0,1,259,57,34,25,37,29,0,0,0,269,1,12,221
de-krg-05512000,"Bottrop, Stadt",Deutschland › Nordrhein-Westfalen,328,4,49,1,8,104,8,150,4,9,4,0,0,0,95,4,4,1,0,0,27,10,6,6,6,31,0,0,0,137,0,1,120
de-krg-05513000,"Gelsenkirchen, Stadt",Deutschland › Nordrhein-Westfalen,436,5,45,1,18,187,7,169,4,8,2,3,0,0,161,15,8,3,0,0,37,18,18,23,19,31,0,0,0,156,0,1,134
de-krg-05515000,"Münster, Stadt",Deutschland › Nordrhein-Westfalen,1063,7,92,10,97,462,17,373,5,42,8,8,0,0,427,15,13,5,0,2,212,62,31,23,44,19,0,0,0,315,2,10,258
de-krg-05554000,Borken,Deutschland › Nordrhein-Westfalen,990,7,85,14,84,456,17,323,4,35,10,10,1,0,434,11,8,3,0,0,236,46,39,17,28,42,0,1,0,267,0,13,216
de-krg-05558000,Coesfeld,Deutschland › Nordrhein-Westfalen,561,6,66,10,35,229,12,198,5,6,2,1,0,0,207,11,8,3,0,0,70,35,21,17,25,24,0,0,0,189,0,10,157
de-krg-05562000,Recklinghausen,Deutschland › Nordrhein-Westfalen,919,6,67,10,111,433,12,275,5,11,3,5,0,0,400,18,10,4,0,1,176,61,44,37,38,19,0,0,0,256,1,10,211
de-krg-05566000,Steinfurt,Deutschland › Nordrhein-Westfalen,1079,6,70,15,76,545,20,343,4,19,10,11,1,0,515,13,12,4,0,1,294,57,33,18,35,36,0,0,0,302,1,15,240
de-krg-05570000,Warendorf,Deutschland › Nordrhein-Westfalen,717,6,51,11,32,407,9,197,4,3,0,0,0,0,356,29,10,4,8,0,150,50,34,21,44,29,0,0,0,194,8,11,163
de-krg-05711000,"Bielefeld, Stadt",Deutschland › Nordrhein-Westfalen,510,4,59,4,11,218,9,202,3,3,5,0,0,0,193,13,7,4,1,0,53,42,22,18,28,14,0,0,0,194,1,4,156
de-krg-05754000,Gütersloh,Deutschland › Nordrhein-Westfalen,468,4,64,10,10,206,9,162,3,3,0,0,0,0,187,10,6,3,0,0,57,29,21,12,23,29,0,0,0,159,0,10,132
de-krg-05758000,Herford,Deutschland › Nordrhein-Westfalen,686,5,63,11,58,298,13,236,2,12,5,15,0,0,268,13,11,5,0,1,107,52,29,19,35,13,0,0,0,204,1,11,178
de-krg-05762000,Höxter,Deutschland › Nordrhein-Westfalen,667,6,57,7,15,353,12,213,4,6,2,0,0,0,334,11,6,2,0,0,230,25,16,13,24,11,0,0,0,205,0,7,157
de-krg-05766000,Lippe,Deutschland › Nordrhein-Westfalen,499,5,58,10,21,186,13,203,3,4,5,0,0,0,165,10,8,2,0,1,65,24,15,14,16,16,0,0,0,194,1,10,151
de-krg-05770000,Minden-Lübbecke,Deutschland › Nordrhein-Westfalen,480,8,79,13,19,169,10,179,3,5,2,1,0,0,149,10,6,4,0,0,56,29,11,11,16,15,0,0,0,171,0,13,137
de-krg-05774000,Paderborn,Deutschland › Nordrhein-Westfalen,528,4,67,9,16,236,11,181,4,3,3,0,0,0,216,12,6,2,0,0,126,16,14,14,17,11,0,1,0,175,0,8,144
de-krg-05911000,"Bochum, Stadt",Deutschland › Nordrhein-Westfalen,636,5,54,1,28,300,13,231,4,8,2,1,0,0,265,19,9,6,0,1,116,43,20,22,29,18,0,0,0,220,1,1,168
de-krg-05913000,"Dortmund, Stadt",Deutschland › Nordrhein-Westfalen,658,5,56,2,30,288,9,265,3,8,6,3,0,0,256,18,10,4,0,0,95,35,26,32,26,25,0,0,0,248,0,2,203
de-krg-05914000,"Hagen, Stadt der FernUniversität",Deutschland › Nordrhein-Westfalen,400,6,60,4,10,109,9,197,5,13,7,0,0,0,95,7,5,1,0,1,29,17,5,8,12,14,0,0,0,177,1,4,147
de-krg-05915000,"Hamm, Stadt",Deutschland › Nordrhein-Westfalen,282,3,55,4,2,113,6,98,1,3,0,0,0,0,103,4,5,1,0,0,45,9,3,6,10,22,0,0,0,95,0,4,85
de-krg-05916000,"Herne, Stadt",Deutschland › Nordrhein-Westfalen,212,4,35,0,0,89,5,77,2,2,0,0,0,0,74,7,6,2,0,0,19,10,10,9,10,9,0,0,0,75,0,0,65
de-krg-05954000,Ennepe-Ruhr-Kreis,Deutschland › Nordrhein-Westfalen,741,5,60,9,24,401,10,228,4,10,6,1,0,0,380,12,7,2,0,0,283,28,15,18,16,11,0,0,0,211,0,9,178
de-krg-05958000,Hochsauerlandkreis,Deutschland › Nordrhein-Westfalen,536,4,52,7,36,190,13,231,3,5,6,3,1,0,172,8,7,2,0,1,80,24,16,11,16,7,0,1,0,216,1,6,156
de-krg-05962000,Märkischer Kreis,Deutschland › Nordrhein-Westfalen,496,5,54,6,19,195,12,200,5,8,6,0,0,0,177,10,6,2,0,0,59,22,20,13,23,25,0,0,0,186,0,6,153
de-krg-05966000,Olpe,Deutschland › Nordrhein-Westfalen,309,4,48,7,4,121,5,116,4,2,2,0,0,0,112,5,4,0,0,0,75,8,5,6,7,2,0,1,0,112,0,6,91
de-krg-05970000,Siegen-Wittgenstein,Deutschland › Nordrhein-Westfalen,463,4,47,6,26,175,13,188,4,2,4,1,0,0,160,9,4,2,0,0,80,18,13,14,13,8,0,1,0,181,0,5,135
de-krg-05974000,Soest,Deutschland › Nordrhein-Westfalen,839,7,69,11,33,390,12,315,2,7,6,0,0,0,355,17,10,4,2,2,115,90,24,26,53,26,0,0,0,302,4,11,215
de-krg-05978000,Unna,Deutschland › Nordrhein-Westfalen,508,5,63,8,30,199,8,192,3,6,2,0,0,0,176,13,6,4,0,0,75,24,13,10,18,24,0,0,0,184,0,8,158
de-krg-06411000,"Darmstadt, Wissenschaftsstadt",Deutschland › Hessen,695,4,33,0,19,352,7,277,3,6,4,13,0,0,321,18,8,3,1,1,86,66,29,46,58,13,0,0,0,254,2,0,215
de-krg-06412000,"Frankfurt am Main, Stadt",Deutschland › Hessen,898,4,52,5,86,335,11,402,3,19,5,3,0,0,287,24,10,3,9,2,59,54,31,43,52,22,0,0,0,375,11,5,287
de-krg-06413000,"Offenbach am Main, Stadt",Deutschland › Hessen,219,3,47,0,0,87,4,77,1,2,0,0,0,0,70,9,4,2,1,1,21,8,2,7,13,9,0,0,0,75,2,0,67
de-krg-06414000,"Wiesbaden, Landeshauptstadt",Deutschland › Hessen,595,4,57,0,22,193,8,308,3,20,2,1,0,0,167,15,7,4,0,0,58,25,15,22,26,7,0,0,0,285,0,0,238
de-krg-06431000,Bergstraße,Deutschland › Hessen,757,6,73,1,22,301,10,340,4,13,6,3,0,0,276,12,8,2,0,3,80,54,34,23,40,16,0,0,0,318,3,1,271
de-krg-06432000,Darmstadt-Dieburg,Deutschland › Hessen,760,9,76,6,41,274,11,337,6,16,3,3,0,0,251,12,7,4,0,0,95,35,21,24,31,19,0,0,0,315,0,6,259
de-krg-06433000,Groß-Gerau,Deutschland › Hessen,1034,7,80,15,79,447,16,385,5,14,2,3,0,0,407,23,12,4,0,1,146,89,26,42,48,26,0,0,0,366,1,15,275
de-krg-06434000,Hochtaunuskreis,Deutschland › Hessen,851,5,53,2,34,466,12,275,4,4,6,2,0,0,432,22,8,4,0,0,138,69,53,78,48,13,0,0,0,263,0,2,208
de-krg-06435000,Main-Kinzig-Kreis,Deutschland › Hessen,668,8,64,9,23,230,11,318,5,14,5,1,0,0,214,9,6,1,0,0,78,30,16,22,22,20,0,1,0,298,0,8,246
de-krg-06436000,Main-Taunus-Kreis,Deutschland › Hessen,628,6,54,0,33,257,11,264,3,9,3,1,0,0,237,13,7,0,0,0,73,35,22,38,26,24,0,0,0,251,0,0,227
de-krg-06437000,Odenwaldkreis,Deutschland › Hessen,389,5,59,2,20,114,10,175,4,6,7,0,0,0,105,6,3,0,0,0,39,15,10,10,13,6,0,1,0,162,0,1,151
de-krg-06438000,Offenbach,Deutschland › Hessen,707,7,66,2,66,272,14,276,4,9,4,1,1,0,250,13,7,2,0,0,94,41,19,24,26,22,0,0,0,261,0,2,223
de-krg-06439000,Rheingau-Taunus-Kreis,Deutschland › Hessen,788,4,61,3,23,340,13,339,5,13,4,0,0,0,310,17,11,1,0,1,147,44,22,23,38,11,0,0,0,322,1,3,272
de-krg-06440000,Wetteraukreis,Deutschland › Hessen,813,9,79,4,14,380,13,311,3,9,2,0,0,0,362,14,4,0,0,0,176,34,35,30,29,29,0,0,0,300,0,4,246
de-krg-06531000,Gießen,Deutschland › Hessen,813,7,83,8,65,250,13,383,4,19,4,2,0,0,228,13,5,3,0,1,81,25,16,35,23,26,0,0,0,358,1,8,265
de-krg-06532000,Lahn-Dill-Kreis,Deutschland › Hessen,675,6,64,8,25,296,11,260,5,6,3,0,0,0,273,13,6,3,0,1,111,34,20,46,22,14,0,0,0,251,1,8,195
de-krg-06533000,Limburg-Weilburg,Deutschland › Hessen,417,5,50,9,11,136,17,183,6,4,2,2,0,0,121,8,4,3,0,0,46,18,7,17,10,6,0,0,0,175,0,9,149
de-krg-06534000,Marburg-Biedenkopf,Deutschland › Hessen,896,7,91,8,69,341,10,366,4,32,9,2,1,0,306,21,8,4,0,2,131,47,32,28,30,15,0,0,0,322,2,8,268
de-krg-06535000,Vogelsbergkreis,Deutschland › Hessen,448,6,54,8,12,152,10,202,4,5,2,0,0,0,143,4,5,0,0,0,51,25,12,10,14,17,0,0,0,195,0,8,150
de-krg-06611000,"Kassel, documenta-Stadt",Deutschland › Hessen,667,4,69,1,27,369,9,184,4,3,1,1,0,0,347,13,6,3,0,0,258,16,14,14,26,6,0,0,0,179,0,1,136
de-krg-06631000,Fulda,Deutschland › Hessen,558,4,51,1,15,199,8,276,4,5,3,0,0,0,184,9,6,0,0,0,69,24,19,13,16,25,0,0,0,268,0,1,191
de-krg-06632000,Hersfeld-Rotenburg,Deutschland › Hessen,586,5,93,3,36,251,9,186,3,5,1,1,0,0,225,9,12,2,0,3,101,46,11,14,20,15,0,1,0,179,3,2,147
de-krg-06633000,Kassel,Deutschland › Hessen,748,5,69,1,36,344,12,278,3,8,5,1,0,0,325,10,7,2,0,0,167,41,26,18,27,23,0,0,0,264,0,1,207
de-krg-06634000,Schwalm-Eder-Kreis,Deutschland › Hessen,547,5,59,11,26,206,13,223,4,2,2,1,0,0,189,9,6,1,0,0,46,57,17,17,25,16,0,0,0,218,1,11,162
de-krg-06635000,Waldeck-Frankenberg,Deutschland › Hessen,753,5,82,8,30,380,12,233,3,5,6,3,1,0,369,6,4,1,0,0,280,24,11,10,15,14,0,1,0,218,0,7,170
de-krg-06636000,Werra-Meißner-Kreis,Deutschland › Hessen,710,6,68,1,42,274,11,303,5,11,5,3,0,0,259,6,8,1,0,0,134,22,15,19,18,19,0,0,0,284,0,1,199
de-krg-07111000,"Koblenz, kreisfreie Stadt",Deutschland › Rheinland-Pfalz,288,5,55,0,3,109,5,108,3,2,3,0,0,0,99,6,3,0,0,1,35,16,5,12,18,2,0,0,0,103,1,0,88
de-krg-07131000,Ahrweiler,Deutschland › Rheinland-Pfalz,564,4,58,1,16,230,12,239,4,5,6,1,0,0,215,8,4,2,0,1,98,27,15,14,25,15,0,0,0,227,1,1,185
de-krg-07132000,Altenkirchen (Westerwald),Deutschland › Rheinland-Pfalz,280,5,53,0,4,117,10,88,3,2,1,0,0,0,109,6,2,0,0,0,53,12,6,7,9,9,0,0,0,85,0,0,76
de-krg-07133000,Bad Kreuznach,Deutschland › Rheinland-Pfalz,1068,7,64,1,20,638,13,320,5,6,6,1,0,0,599,28,7,1,2,1,275,179,17,16,58,15,0,0,0,307,3,1,236
de-krg-07134000,Birkenfeld,Deutschland › Rheinland-Pfalz,426,4,49,0,10,198,10,150,5,2,4,8,0,0,192,4,1,0,1,0,97,28,14,7,12,11,0,0,0,136,1,0,104
de-krg-07135000,Cochem-Zell,Deutschland › Rheinland-Pfalz,859,5,56,0,53,455,10,276,4,7,9,0,0,0,443,6,5,1,0,0,275,52,38,12,33,9,0,0,0,260,0,0,193
de-krg-07137000,Mayen-Koblenz,Deutschland › Rheinland-Pfalz,731,6,63,0,16,352,12,276,6,4,8,1,0,0,336,8,5,2,0,1,186,34,23,19,30,13,0,0,0,263,1,0,209
de-krg-07138000,Neuwied,Deutschland › Rheinland-Pfalz,426,5,59,0,8,170,9,170,5,4,4,0,0,0,162,5,3,0,0,0,90,13,7,12,11,8,0,0,0,162,0,0,136
de-krg-07140000,Rhein-Hunsrück-Kreis,Deutschland › Rheinland-Pfalz,405,4,45,0,10,157,9,176,4,2,4,0,0,0,150,4,2,1,0,0,62,32,16,8,12,5,0,0,0,170,0,0,143
de-krg-07141000,Rhein-Lahn-Kreis,Deutschland › Rheinland-Pfalz,605,4,52,0,18,296,12,218,5,6,6,0,0,0,280,9,5,1,0,1,141,39,12,13,34,11,0,0,0,206,1,0,172
de-krg-07143000,Westerwaldkreis,Deutschland › Rheinland-Pfalz,539,8,54,0,25,261,11,176,4,4,3,1,0,0,243,11,6,1,0,0,129,36,13,14,19,15,0,0,0,168,0,0,137
de-krg-07211000,"Trier, kreisfreie Stadt",Deutschland › Rheinland-Pfalz,415,7,61,0,6,215,6,118,2,1,2,1,0,0,192,9,3,5,6,0,99,15,9,13,15,20,0,0,0,114,6,0,102
de-krg-07231000,Bernkastel-Wittlich,Deutschland › Rheinland-Pfalz,850,7,64,0,18,477,11,269,4,10,9,5,0,0,462,12,3,0,0,0,291,54,18,17,35,14,0,0,0,245,0,0,196
de-krg-07232000,Eifelkreis Bitburg-Prüm,Deutschland › Rheinland-Pfalz,680,4,51,5,31,301,15,269,4,4,7,2,0,0,286,6,5,3,0,1,168,25,17,14,18,12,0,0,0,256,1,5,191
de-krg-07233000,Vulkaneifel,Deutschland › Rheinland-Pfalz,609,4,60,2,47,239,8,245,4,8,5,1,0,0,229,6,3,1,0,0,146,17,12,7,12,10,0,0,0,231,0,2,167
de-krg-07235000,Trier-Saarburg,Deutschland › Rheinland-Pfalz,676,6,58,0,18,343,12,235,4,5,7,0,0,0,331,7,5,0,0,0,215,28,12,14,19,10,0,0,0,223,0,0,185
de-krg-07312000,"Kaiserslautern, kreisfreie Stadt",Deutschland › Rheinland-Pfalz,380,5,51,0,17,201,11,92,3,0,0,0,0,0,180,17,4,0,0,0,61,42,8,13,30,13,0,0,0,92,0,0,83
de-krg-07314000,"Ludwigshafen am Rhein, kreisfreie Stadt",Deutschland › Rheinland-Pfalz,165,0,53,0,1,51,5,53,2,1,0,0,0,0,45,2,3,0,0,1,14,5,2,8,6,5,0,0,0,52,1,0,49
de-krg-07315000,"Mainz, kreisfreie Stadt",Deutschland › Rheinland-Pfalz,594,3,59,0,4,230,5,290,3,13,1,0,0,0,207,14,9,0,0,0,45,35,20,43,31,18,0,0,0,276,0,0,227
de-krg-07331000,Alzey-Worms/Worms,Deutschland › Rheinland-Pfalz,765,7,85,0,6,398,9,255,5,5,1,0,0,0,373,17,7,1,0,0,156,86,16,28,42,19,0,0,0,249,0,0,212
de-krg-07332000,Bad Dürkheim/Neustadt an der Weinstraße,Deutschland › Rheinland-Pfalz,743,8,85,0,39,293,10,305,3,3,12,1,1,0,271,13,6,1,0,2,114,40,14,22,25,30,0,0,0,288,2,0,250
de-krg-07333000,Donnersbergkreis,Deutschland › Rheinland-Pfalz,731,6,72,0,29,405,11,203,5,3,2,0,0,0,376,22,6,0,0,1,175,68,18,23,52,18,0,0,0,198,1,0,168
de-krg-07334000,Germersheim,Deutschland › Rheinland-Pfalz,490,7,70,1,30,180,9,188,5,3,4,0,0,0,172,5,3,0,0,0,77,22,7,9,13,31,0,0,0,181,0,1,161
de-krg-07335000,Kaiserslautern,Deutschland › Rheinland-Pfalz,717,6,67,0,126,260,12,242,4,4,8,1,0,0,243,8,5,3,0,1,114,41,11,17,16,21,0,0,0,229,1,0,198
de-krg-07336000,Kusel,Deutschland › Rheinland-Pfalz,917,3,54,0,4,724,9,119,4,5,1,0,0,0,656,42,3,4,14,5,128,104,252,55,62,7,0,0,0,113,19,0,95
de-krg-07337000,Südliche Weinstraße/Landau,Deutschland › Rheinland-Pfalz,742,8,50,0,50,296,12,323,3,8,11,3,0,0,283,7,5,0,0,1,137,45,12,14,29,24,0,0,0,301,1,0,256
de-krg-07338000,Rhein-Pfalz-Kreis/Frankenthal (Pfalz)/Speyer,Deutschland › Rheinland-Pfalz,664,7,78,3,30,282,9,250,5,3,1,0,0,0,268,9,5,0,0,0,123,34,8,17,23,33,0,0,0,246,0,3,210
de-krg-07339000,Mainz-Bingen,Deutschland › Rheinland-Pfalz,926,7,68,0,23,427,8,388,5,13,3,1,0,0,390,22,12,2,0,1,187,52,21,60,34,16,0,0,0,371,1,0,353
de-krg-07340000,Südwestpfalz,Deutschland › Rheinland-Pfalz,625,4,50,2,36,318,11,201,3,2,12,2,0,0,309,6,3,0,0,0,131,72,8,12,30,26,0,0,0,185,0,2,172
de-krg-08111000,"Stuttgart, Stadtkreis",Deutschland › Baden-Württemberg,665,4,55,4,46,305,7,239,5,4,3,1,0,0,269,20,9,5,1,1,105,40,21,29,37,16,0,0,0,231,2,4,184
de-krg-08115000,Böblingen,Deutschland › Baden-Württemberg,367,9,49,0,14,112,7,173,3,4,0,0,0,0,103,6,3,0,0,0,41,12,8,11,10,9,0,0,0,169,0,0,131
de-krg-08116000,Esslingen,Deutschland › Baden-Württemberg,491,5,66,0,16,161,7,231,5,4,1,0,0,0,140,10,9,1,1,0,45,21,15,17,19,10,0,0,0,226,1,0,168
de-krg-08117000,Göppingen,Deutschland › Baden-Württemberg,326,4,43,0,5,88,5,179,2,3,2,0,0,0,76,6,6,0,0,0,31,9,4,10,10,1,0,0,0,174,0,0,130
de-krg-08118000,Ludwigsburg,Deutschland › Baden-Württemberg,708,8,63,2,36,299,10,286,4,7,2,4,0,0,268,16,13,1,0,1,117,40,19,20,35,12,0,0,0,273,1,2,220
de-krg-08119000,Rems-Murr-Kreis,Deutschland › Baden-Württemberg,1065,6,50,2,206,425,9,363,4,21,5,2,0,0,362,25,21,6,9,2,128,112,18,32,38,13,0,0,0,335,11,2,250
de-krg-08121000,"Heilbronn, Stadtkreis",Deutschland › Baden-Württemberg,204,2,57,0,0,54,6,83,2,3,0,0,0,0,52,1,1,0,0,0,22,5,2,10,6,3,0,0,0,80,0,0,76
de-krg-08125000,Heilbronn,Deutschland › Baden-Württemberg,589,6,54,1,6,177,8,334,3,14,4,0,0,0,163,8,5,0,0,1,70,17,10,17,26,7,0,0,0,316,1,1,240
de-krg-08126000,Hohenlohekreis,Deutschland › Baden-Württemberg,271,4,48,0,0,87,4,126,2,7,0,0,0,0,82,4,1,0,0,0,37,8,3,9,9,7,0,0,0,119,0,0,98
de-krg-08127000,Schwäbisch Hall,Deutschland › Baden-Württemberg,516,4,51,0,2,212,6,237,4,4,2,2,0,0,201,6,5,0,0,0,87,59,12,9,15,10,0,0,0,229,0,0,175
de-krg-08128000,Main-Tauber-Kreis,Deutschland › Baden-Württemberg,484,3,59,0,7,180,7,224,4,5,2,3,0,0,170,6,4,0,0,0,80,21,9,15,15,12,0,0,0,214,0,0,160
de-krg-08135000,Heidenheim,Deutschland › Baden-Württemberg,502,4,51,4,7,122,12,298,4,8,3,4,0,0,111,4,5,2,0,0,47,8,7,11,11,9,0,0,0,283,0,4,186
de-krg-08136000,Ostalbkreis,Deutschland › Baden-Württemberg,681,5,59,4,24,198,14,373,4,20,2,5,0,0,177,10,8,3,0,0,65,18,17,21,17,16,0,0,0,346,0,4,231
de-krg-08212000,"Karlsruhe, Stadtkreis",Deutschland › Baden-Württemberg,516,6,60,2,8,244,7,182,7,2,1,0,0,0,220,14,6,3,0,1,64,42,22,24,26,18,0,0,0,179,1,2,149
de-krg-08215000,Karlsruhe,Deutschland › Baden-Württemberg,938,11,86,4,46,400,8,377,6,15,6,0,0,0,369,16,11,3,0,1,135,74,39,28,41,24,0,0,0,356,1,4,295
de-krg-08216000,Rastatt/Baden-Baden,Deutschland › Baden-Württemberg,427,6,66,0,12,144,7,187,5,4,6,2,1,0,130,7,6,0,0,1,52,18,8,10,12,12,0,0,0,174,1,0,143
de-krg-08221000,"Heidelberg, Stadtkreis",Deutschland › Baden-Württemberg,481,4,50,0,15,179,8,223,2,7,10,1,0,0,163,7,7,1,0,1,40,22,11,21,39,16,0,0,0,205,1,0,180
de-krg-08222000,"Mannheim, Stadtkreis",Deutschland › Baden-Württemberg,533,6,40,2,4,240,11,228,2,4,0,0,0,0,224,7,8,0,0,1,96,31,18,23,27,13,0,0,0,224,1,2,188
de-krg-08225000,Neckar-Odenwald-Kreis,Deutschland › Baden-Württemberg,296,3,45,0,3,103,7,131,4,3,0,1,0,0,98,4,1,0,0,0,35,15,9,18,10,3,0,0,0,127,0,0,105
de-krg-08226000,Rhein-Neckar-Kreis,Deutschland › Baden-Württemberg,936,7,60,3,20,447,12,383,4,22,3,4,0,0,422,14,8,2,0,1,216,52,30,42,38,16,0,0,0,354,1,3,292
de-krg-08231000,"Pforzheim, Stadtkreis",Deutschland › Baden-Württemberg,375,2,50,0,7,257,3,53,3,0,0,0,0,0,217,27,2,1,8,2,24,61,24,16,69,2,0,0,0,53,10,0,47
de-krg-08235000,Calw,Deutschland › Baden-Württemberg,320,4,45,1,14,87,9,157,3,2,3,1,1,0,81,3,2,1,0,0,35,9,6,8,10,3,0,0,0,150,0,1,120
de-krg-08236000,Enzkreis,Deutschland › Baden-Württemberg,637,6,60,0,29,302,7,229,4,4,1,0,0,0,261,22,8,1,6,4,76,62,16,20,46,10,0,0,0,224,10,0,180
de-krg-08237000,Freudenstadt,Deutschland › Baden-Württemberg,343,4,49,0,16,129,7,134,4,3,4,4,1,0,106,20,3,0,0,0,49,10,9,6,9,7,0,0,0,122,0,0,98
de-krg-08311000,"Freiburg im Breisgau, Stadtkreis",Deutschland › Baden-Württemberg,604,4,59,3,13,285,8,226,6,6,4,2,0,0,256,16,7,4,1,1,94,35,19,26,35,20,0,0,0,214,2,3,176
de-krg-08315000,Breisgau-Hochschwarzwald,Deutschland › Baden-Württemberg,1200,5,70,3,47,584,10,475,6,21,10,4,3,0,495,73,13,2,0,1,237,73,48,27,46,21,0,0,0,437,1,3,288
de-krg-08316000,Emmendingen,Deutschland › Baden-Württemberg,437,4,70,0,11,127,8,212,5,6,6,0,0,0,116,5,5,0,0,1,40,19,4,13,11,12,0,0,0,200,1,0,169
de-krg-08317000,Ortenaukreis,Deutschland › Baden-Württemberg,685,6,64,4,37,265,9,295,5,8,8,1,1,0,245,10,7,2,0,1,85,45,18,23,25,18,0,0,0,277,1,4,229
de-krg-08325000,Rottweil,Deutschland › Baden-Württemberg,220,5,43,0,5,50,5,109,3,4,2,0,0,0,47,2,1,0,0,0,19,5,3,5,8,1,0,0,0,103,0,0,86
de-krg-08326000,Schwarzwald-Baar-Kreis,Deutschland › Baden-Württemberg,707,3,57,0,7,402,7,228,3,5,5,3,0,0,392,6,4,0,0,0,333,10,5,8,8,7,0,0,0,215,0,0,149
de-krg-08327000,Tuttlingen,Deutschland › Baden-Württemberg,322,2,45,0,4,106,8,156,1,2,1,0,0,0,101,4,1,0,0,0,60,7,1,6,7,3,0,0,0,153,0,0,106
de-krg-08335000,Konstanz,Deutschland › Baden-Württemberg,1047,6,83,9,53,417,9,465,5,47,12,0,0,1,383,7,25,2,0,0,203,40,9,29,13,43,0,0,0,405,0,9,283
de-krg-08336000,Lörrach,Deutschland › Baden-Württemberg,907,7,66,11,64,275,10,470,4,50,13,0,0,0,238,16,17,3,0,1,103,17,9,34,12,24,0,0,0,407,1,11,289
de-krg-08337000,Waldshut,Deutschland › Baden-Württemberg,957,6,64,10,17,356,10,488,6,58,18,0,1,0,342,5,7,2,0,0,200,37,9,30,11,18,0,0,0,411,0,10,282
de-krg-08415000,Reutlingen,Deutschland › Baden-Württemberg,525,6,50,2,10,195,8,249,5,4,3,0,0,0,180,7,8,0,0,0,83,32,8,11,20,5,0,0,0,242,0,2,170
de-krg-08416000,Tübingen,Deutschland › Baden-Württemberg,638,6,82,1,11,318,8,207,5,4,2,0,0,0,296,13,7,1,0,1,161,35,12,14,27,17,0,0,0,201,1,1,155
de-krg-08417000,Zollernalbkreis,Deutschland › Baden-Württemberg,701,5,46,0,15,407,7,218,3,2,3,0,0,0,405,1,1,0,0,0,384,5,1,6,3,0,0,0,0,213,0,0,155
de-krg-08421000,"Ulm, Stadtkreis",Deutschland › Baden-Württemberg,298,4,43,4,4,85,5,149,4,4,1,0,0,0,67,7,7,3,0,1,21,6,7,13,11,4,0,0,0,144,1,4,124
de-krg-08425000,Alb-Donau-Kreis,Deutschland › Baden-Württemberg,454,4,60,1,12,141,7,227,2,4,2,0,0,0,131,6,3,1,0,0,53,16,7,13,19,9,0,0,0,221,0,1,161
de-krg-08426000,Biberach,Deutschland › Baden-Württemberg,365,5,76,3,5,102,6,164,4,4,3,0,0,0,91,7,4,0,0,0,27,9,9,11,14,14,0,0,0,157,0,3,126
de-krg-08435000,Bodenseekreis,Deutschland › Baden-Württemberg,606,5,71,3,20,220,9,275,3,14,6,14,0,0,195,8,14,2,0,1,60,24,17,16,21,26,0,0,0,241,1,3,192
de-krg-08436000,Ravensburg,Deutschland › Baden-Württemberg,532,5,58,0,22,170,7,265,5,12,7,0,1,0,156,7,7,0,0,0,61,18,10,13,15,21,0,0,0,245,0,0,182
de-krg-08437000,Sigmaringen,Deutschland › Baden-Württemberg,385,3,57,1,3,153,6,158,4,3,3,0,1,0,141,8,4,0,0,0,79,16,6,6,10,10,0,0,0,151,0,1,117
de-krg-09161000,Ingolstadt,Deutschland › Bayern,257,2,53,0,3,86,5,106,2,6,0,0,0,0,79,5,2,0,0,0,39,8,1,10,9,7,0,0,0,100,0,0,92
de-krg-09162000,"München, Landeshauptstadt",Deutschland › Bayern,840,7,50,6,25,273,8,467,4,31,5,7,0,0,238,19,10,4,0,2,77,42,21,31,31,21,0,0,0,424,2,6,273
de-krg-09171000,Altötting,Deutschland › Bayern,628,4,51,0,3,152,5,408,5,68,8,0,0,0,141,7,4,0,0,0,88,14,4,11,9,8,0,0,0,332,0,0,228
de-krg-09172000,Berchtesgadener Land,Deutschland › Bayern,884,5,72,5,16,318,7,455,6,31,20,8,3,0,266,10,40,2,0,0,137,45,10,10,16,17,0,0,0,393,0,5,193
de-krg-09173000,Bad Tölz-Wolfratshausen,Deutschland › Bayern,731,5,69,2,10,232,8,401,4,41,17,4,2,0,218,9,5,0,0,0,96,27,6,11,13,40,0,0,0,337,0,2,180
de-krg-09174000,Dachau,Deutschland › Bayern,390,3,52,0,1,87,6,239,2,20,3,0,0,0,76,6,4,1,0,0,29,10,3,12,10,5,0,0,0,216,0,0,181
de-krg-09175000,Ebersberg,Deutschland › Bayern,456,4,83,0,7,96,5,257,4,34,3,0,1,0,87,5,4,0,0,0,31,11,7,13,11,8,0,0,0,219,0,0,175
de-krg-09176000,Eichstätt,Deutschland › Bayern,580,4,53,0,7,151,5,356,4,38,5,0,0,0,146,4,1,0,0,0,89,11,3,9,13,6,0,0,0,313,0,0,233
de-krg-09177000,Erding,Deutschland › Bayern,575,7,91,1,2,129,4,338,3,50,6,0,0,0,120,4,4,1,0,0,53,10,5,10,12,23,0,0,0,282,0,1,221
de-krg-09178000,Freising,Deutschland › Bayern,940,7,87,5,20,389,7,422,3,47,5,10,0,0,357,15,12,5,0,0,161,50,22,44,26,29,0,0,0,360,0,5,255
de-krg-09179000,Fürstenfeldbruck,Deutschland › Bayern,540,6,62,0,10,119,5,335,3,48,5,0,1,0,103,8,6,1,1,0,36,14,7,12,13,12,0,0,0,281,1,0,200
de-krg-09180000,Garmisch-Partenkirchen,Deutschland › Bayern,1200,5,76,7,18,578,7,504,5,56,23,18,3,0,558,14,6,0,0,0,364,49,24,8,34,28,0,0,0,404,0,7,182
de-krg-09181000,Landsberg am Lech,Deutschland › Bayern,683,4,90,1,6,184,6,388,4,64,8,0,0,0,169,7,6,2,0,0,96,11,8,10,14,16,0,0,0,316,0,1,208
de-krg-09182000,Miesbach,Deutschland › Bayern,569,4,53,1,7,134,8,358,4,37,16,1,1,0,125,4,5,0,0,0,53,28,8,9,7,6,0,0,0,303,0,1,156
de-krg-09183000,Mühldorf a.Inn,Deutschland › Bayern,405,5,34,0,1,67,2,294,2,46,4,0,0,0,60,3,4,0,0,0,25,8,3,10,6,2,0,0,0,244,0,0,188
de-krg-09184000,München,Deutschland › Bayern,821,6,63,6,34,278,11,419,4,34,8,13,1,0,249,19,7,2,0,1,95,50,22,22,21,21,0,0,0,363,1,6,255
de-krg-09185000,Neuburg-Schrobenhausen,Deutschland › Bayern,476,5,91,0,4,145,5,223,3,18,3,0,0,0,139,3,3,0,0,0,93,9,2,8,10,11,0,0,0,202,0,0,171
de-krg-09186000,Pfaffenhofen a.d.Ilm,Deutschland › Bayern,292,2,62,0,10,104,6,106,2,3,1,0,0,0,94,6,4,0,0,0,33,16,2,14,12,12,0,0,0,102,0,0,89
de-krg-09187000,Kreis u. Stadt Rosenheim,Deutschland › Bayern,834,7,79,6,15,235,16,471,5,45,17,2,1,0,216,10,9,0,0,0,82,32,15,17,16,30,0,0,0,406,0,6,244
de-krg-09188000,Starnberg,Deutschland › Bayern,689,5,69,1,9,217,5,380,3,63,5,0,1,0,207,5,5,0,0,0,144,9,5,10,10,18,0,0,0,311,0,1,208
de-krg-09189000,Traunstein,Deutschland › Bayern,863,5,85,4,12,262,9,481,5,51,19,5,1,0,246,8,8,0,0,0,135,30,14,15,11,19,0,0,0,405,0,4,241
de-krg-09190000,Weilheim-Schongau,Deutschland › Bayern,788,4,70,0,9,247,7,446,5,77,12,6,1,0,231,8,6,2,0,0,127,15,8,10,22,20,0,0,0,350,0,0,216
de-krg-09271000,Deggendorf,Deutschland › Bayern,765,5,62,0,20,208,7,460,3,67,12,7,1,0,171,18,10,7,1,1,60,27,12,16,26,12,0,0,0,373,2,0,244
de-krg-09272000,Freyung-Grafenau,Deutschland › Bayern,578,4,51,0,72,126,8,312,5,59,13,3,2,0,120,3,3,0,0,0,52,22,9,9,7,7,0,0,0,235,0,0,147
de-krg-09273000,Kelheim,Deutschland › Bayern,630,4,53,0,3,145,5,416,4,59,9,0,0,0,137,4,2,0,2,0,77,11,5,12,13,4,0,0,0,348,2,0,257
de-krg-09274000,Kreis u. Stadt Landshut,Deutschland › Bayern,504,5,86,0,2,158,6,244,3,29,1,0,0,0,146,6,6,0,0,0,87,10,6,16,11,7,0,0,0,214,0,0,168
de-krg-09275000,Kreis u. Stadt Passau,Deutschland › Bayern,945,8,58,0,14,321,7,532,5,83,15,2,0,0,298,9,8,6,0,0,175,41,9,16,22,12,0,0,0,432,0,0,275
de-krg-09276000,Regen,Deutschland › Bayern,571,3,41,0,56,123,4,339,5,60,15,4,4,0,110,6,7,0,0,0,53,13,8,8,9,6,0,0,0,256,0,0,145
de-krg-09277000,Rottal-Inn,Deutschland › Bayern,621,4,73,0,4,98,5,434,3,76,11,0,0,0,89,5,4,0,0,0,37,13,3,10,13,5,0,0,0,347,0,0,241
de-krg-09278000,Straubing-Bogen/Straubing,Deutschland › Bayern,621,2,83,0,4,77,3,449,3,77,9,0,0,0,71,3,2,1,0,0,25,8,6,10,10,5,0,0,0,363,0,0,248
de-krg-09279000,Dingolfing-Landau,Deutschland › Bayern,385,3,60,0,0,66,3,250,3,35,3,0,0,0,61,3,2,0,0,0,29,5,1,10,6,5,0,0,0,212,0,0,177
de-krg-09362000,"Regensburg, Stadt",Deutschland › Bayern,311,3,50,0,0,131,3,123,1,2,1,0,0,0,114,10,5,2,0,0,42,13,5,20,10,12,0,0,0,120,0,0,98
de-krg-09371000,Amberg-Sulzbach/Amberg,Deutschland › Bayern,630,7,60,0,6,148,7,398,4,38,8,1,0,0,138,6,4,0,0,0,70,14,4,11,10,20,0,0,0,351,0,0,255
de-krg-09372000,Cham,Deutschland › Bayern,573,3,70,0,9,94,4,389,4,66,12,0,2,0,88,3,3,0,0,0,36,8,7,8,11,9,0,0,0,309,0,0,207
de-krg-09373000,Neumarkt i.d.OPf.,Deutschland › Bayern,799,9,67,1,16,276,15,411,4,37,5,5,0,0,264,6,4,2,0,0,165,22,9,17,13,13,0,0,0,364,0,1,247
de-krg-09374000,Neustadt a.d.Waldnaab/Weiden i.d.OPf.,Deutschland › Bayern,247,1,62,0,4,61,4,111,4,8,1,0,1,0,57,1,3,0,0,0,24,6,3,8,5,8,0,0,0,101,0,0,79
de-krg-09375000,Regensburg,Deutschland › Bayern,890,5,69,0,8,330,5,470,3,54,8,0,0,0,311,9,8,2,0,0,216,24,10,15,16,7,0,0,0,408,0,0,275
de-krg-09376000,Schwandorf,Deutschland › Bayern,664,8,71,1,6,147,5,422,4,67,8,0,0,0,138,6,3,0,0,0,50,22,5,8,14,32,0,0,0,347,0,1,232
de-krg-09377000,Tirschenreuth,Deutschland › Bayern,181,2,44,0,2,45,2,82,4,3,1,0,0,0,43,1,1,0,0,0,18,4,3,7,4,3,0,0,0,78,0,0,59
de-krg-09471000,Kreis u. Stadt Bamberg,Deutschland › Bayern,583,2,84,1,7,130,6,350,3,13,4,0,0,0,119,8,3,0,0,0,52,10,11,14,12,9,0,0,0,333,0,1,239
de-krg-09472000,Kreis u. Stadt Bayreuth,Deutschland › Bayern,666,7,72,2,19,170,8,384,4,13,13,4,0,0,161,4,5,0,0,0,66,16,9,20,13,15,0,0,0,354,0,2,239
de-krg-09473000,Kreis u. Stadt Coburg,Deutschland › Bayern,529,5,63,0,8,307,7,136,3,4,1,0,0,0,293,9,3,2,0,0,94,48,36,21,49,16,0,0,0,131,0,0,106
de-krg-09474000,Forchheim,Deutschland › Bayern,481,5,63,1,6,131,4,268,3,8,4,5,0,0,117,6,6,2,0,0,50,18,6,13,12,3,0,0,0,251,0,1,174
de-krg-09475000,Kreis u. Stadt Hof,Deutschland › Bayern,434,3,80,0,19,144,7,178,3,4,3,3,0,0,134,5,5,0,0,0,67,13,7,13,14,10,0,0,0,168,0,0,132
de-krg-09476000,Kronach,Deutschland › Bayern,236,4,41,0,5,101,3,79,3,1,0,0,0,0,96,2,3,0,0,0,56,5,5,10,10,5,0,0,0,78,0,0,49
de-krg-09477000,Kulmbach,Deutschland › Bayern,279,4,69,0,1,49,6,146,4,4,0,0,0,0,47,1,1,0,0,0,25,4,1,9,3,2,0,0,0,142,0,0,106
de-krg-09478000,Lichtenfels,Deutschland › Bayern,348,3,79,0,0,100,4,159,3,3,1,0,0,0,97,2,1,0,0,0,52,6,3,11,5,10,0,0,0,155,0,0,120
de-krg-09479000,Wunsiedel i.Fichtelgebirge,Deutschland › Bayern,239,3,38,0,5,74,3,112,4,3,3,0,0,0,68,3,3,0,0,0,30,6,4,7,6,12,0,0,0,106,0,0,89
de-krg-09562000,Erlangen,Deutschland › Bayern,303,5,76,0,7,88,4,120,3,3,0,1,0,0,77,7,3,1,0,0,22,6,11,14,9,8,0,0,0,116,0,0,106
de-krg-09563000,"Fürth, Stadt",Deutschland › Bayern,194,2,59,0,3,65,4,60,1,0,0,0,0,0,53,7,3,2,0,0,17,4,5,13,8,2,0,0,0,60,0,0,54
de-krg-09564000,"Nürnberg, Stadt",Deutschland › Bayern,370,5,44,1,8,143,6,159,4,3,1,1,0,0,123,10,7,3,0,0,37,16,14,15,13,13,0,0,0,154,0,1,133
de-krg-09571000,Kreis u. Stadt Ansbach,Deutschland › Bayern,756,6,58,2,4,267,7,408,4,37,6,1,0,0,244,10,7,5,1,0,94,49,13,17,30,25,0,0,0,364,1,2,257
de-krg-09572000,Erlangen-Höchstadt,Deutschland › Bayern,497,6,92,0,16,129,5,246,3,11,3,8,0,0,120,5,4,0,0,0,43,14,8,16,15,12,0,0,0,224,0,0,180
de-krg-09573000,Fürth,Deutschland › Bayern,221,4,51,0,4,74,4,80,4,2,0,0,0,0,68,3,3,0,0,0,31,5,1,11,9,5,0,0,0,78,0,0,73
de-krg-09574000,Nürnberger Land,Deutschland › Bayern,485,4,68,0,7,153,8,241,4,3,4,1,0,0,139,6,5,3,0,0,52,17,10,14,15,11,0,0,0,233,0,0,174
de-krg-09575000,Neustadt a.d.Aisch-Bad Windsheim,Deutschland › Bayern,753,4,60,0,1,118,4,563,3,67,5,0,0,0,114,2,2,0,0,0,66,9,3,9,9,8,0,0,0,491,0,0,303
de-krg-09576000,Roth/Schwabach,Deutschland › Bayern,389,4,80,0,4,133,6,159,3,2,1,0,0,0,120,6,5,2,0,0,46,11,6,13,14,12,0,0,0,156,0,0,123
de-krg-09577000,Weißenburg-Gunzenhausen,Deutschland › Bayern,646,5,95,1,3,172,6,360,4,41,4,0,0,0,163,5,4,0,0,0,70,18,12,13,13,23,0,0,0,315,0,1,235
de-krg-09663000,"Würzburg, Stadt",Deutschland › Bayern,340,3,47,0,3,158,4,121,4,2,1,0,0,0,146,7,4,1,0,0,56,15,12,21,20,8,0,0,0,118,0,0,102
de-krg-09671000,Kreis u. Stadt Aschaffenburg,Deutschland › Bayern,611,4,59,0,33,237,10,264,4,13,3,1,0,0,220,10,6,1,0,0,119,26,13,13,17,13,0,0,0,247,0,0,221
de-krg-09672000,Bad Kissingen,Deutschland › Bayern,874,5,73,0,23,392,10,367,4,34,5,2,0,0,376,7,9,0,0,0,265,18,15,20,22,11,0,0,0,326,0,0,238
de-krg-09673000,Rhön-Grabfeld,Deutschland › Bayern,655,5,75,0,11,216,9,336,3,15,3,1,0,0,208,5,3,0,0,0,115,19,15,16,11,9,0,0,0,317,0,0,208
de-krg-09674000,Haßberge,Deutschland › Bayern,631,7,84,0,16,169,8,344,3,28,4,1,0,0,156,7,4,2,0,0,55,18,10,14,24,16,0,0,0,311,0,0,238
de-krg-09675000,Kitzingen,Deutschland › Bayern,315,2,79,0,0,94,4,133,3,2,1,0,0,0,87,3,4,0,0,0,35,9,6,15,9,5,0,0,0,130,0,0,116
de-krg-09676000,Miltenberg,Deutschland › Bayern,691,4,54,0,12,306,9,303,3,27,10,1,0,0,297,6,2,0,0,1,209,22,4,10,13,24,0,0,0,265,1,0,225
de-krg-09677000,Main-Spessart,Deutschland › Bayern,941,8,82,0,20,421,8,397,5,12,4,0,0,0,406,9,6,0,0,0,256,41,18,21,27,17,0,0,0,381,0,0,265
de-krg-09678000,Kreis u. Stadt Schweinfurt,Deutschland › Bayern,716,4,93,1,59,219,16,321,3,24,2,7,0,1,208,8,3,0,0,0,82,38,18,20,16,22,0,0,0,287,0,1,229
de-krg-09679000,Würzburg,Deutschland › Bayern,471,5,69,1,6,146,5,235,4,5,0,0,0,0,134,7,4,1,0,0,58,16,7,18,11,9,0,0,0,230,0,1,170
de-krg-09761000,"Augsburg, Stadt",Deutschland › Bayern,566,3,62,5,4,229,5,254,4,8,1,0,0,0,213,9,5,2,0,0,132,10,6,11,15,20,0,0,0,245,0,5,191
de-krg-09771000,Aichach-Friedberg,Deutschland › Bayern,679,3,69,2,6,185,6,405,3,46,3,0,0,0,169,8,5,3,0,0,72,15,14,12,16,21,0,0,0,356,0,2,265
de-krg-09772000,Augsburg,Deutschland › Bayern,737,4,69,0,8,156,7,488,5,53,5,0,0,0,141,8,6,1,0,0,65,11,10,13,14,9,0,0,0,430,0,0,283
de-krg-09773000,Dillingen a.d.Donau,Deutschland › Bayern,609,4,96,0,1,96,6,403,3,61,7,0,0,0,87,4,5,0,0,0,32,12,5,10,10,13,0,0,0,335,0,0,239
de-krg-09774000,Günzburg,Deutschland › Bayern,505,2,79,0,7,77,6,331,3,49,6,0,0,0,71,4,2,0,0,0,27,11,4,7,9,9,0,0,0,276,0,0,204
de-krg-09775000,Neu-Ulm,Deutschland › Bayern,415,4,59,3,9,125,6,205,4,8,3,0,0,0,112,6,6,1,0,0,36,10,10,17,14,15,0,0,0,194,0,3,160
de-krg-09776000,Lindau (Bodensee),Deutschland › Bayern,301,4,51,0,8,92,5,138,3,2,6,1,1,0,81,4,7,0,0,0,42,4,5,10,9,3,0,0,0,128,0,0,90
de-krg-09777000,Ostallgäu/Kaufbeuren,Deutschland › Bayern,759,4,62,4,10,214,8,453,4,62,17,2,1,0,195,8,6,2,3,0,98,22,13,10,13,17,0,0,0,371,3,4,226
de-krg-09778000,Unterallgäu/Memmingen,Deutschland › Bayern,571,6,68,0,5,109,5,374,4,56,10,0,0,0,99,5,5,0,0,0,38,7,6,12,10,10,0,0,0,308,0,0,215
de-krg-09779000,Donau-Ries,Deutschland › Bayern,1003,5,83,1,2,382,9,517,4,81,7,0,0,0,375,3,4,0,0,0,276,30,4,13,18,10,0,0,0,429,0,1,281
de-krg-09780000,Oberallgäu/Kempten,Deutschland › Bayern,823,4,62,4,25,294,10,419,5,32,15,5,3,0,274,12,6,2,0,0,125,48,26,11,16,20,0,0,0,364,0,4,184
de-krg-10041000,Regionalverband Saarbrücken,Deutschland › Saarland,696,4,46,0,4,397,5,237,3,4,1,0,0,0,376,10,4,3,4,0,294,22,5,12,21,12,0,0,0,232,4,0,201
de-krg-10042000,Merzig-Wadern,Deutschland › Saarland,371,5,65,0,8,140,11,140,2,1,4,2,0,0,133,4,3,0,0,0,63,17,6,9,10,13,0,0,0,133,0,0,118
de-krg-10043000,Neunkirchen,Deutschland › Saarland,288,6,51,6,1,85,6,130,3,14,1,0,0,0,79,5,1,0,0,0,36,6,1,8,4,16,0,0,0,115,0,6,109
de-krg-10044000,Saarlouis,Deutschland › Saarland,343,3,55,10,1,155,7,110,2,3,1,0,0,0,145,7,3,0,0,0,75,10,7,10,10,23,0,0,0,106,0,10,100
de-krg-10045000,Saarpfalz-Kreis,Deutschland › Saarland,438,4,63,7,9,161,9,180,5,3,2,1,0,0,148,8,5,0,0,0,65,16,8,9,16,12,0,0,0,174,0,7,152
de-krg-10046000,St. Wendel,Deutschland › Saarland,392,5,49,3,44,164,7,117,3,4,0,0,0,0,160,2,2,0,0,0,126,5,2,7,7,3,0,0,0,113,0,3,100
de-krg-11000000,"Berlin, Stadt",Deutschland › Berlin,1450,5,70,16,192,728,11,423,5,18,5,17,0,0,636,51,15,9,13,4,214,135,65,68,93,25,0,0,0,383,17,16,270
de-krg-12054000,"Potsdam, Stadt",Deutschland › Brandenburg,539,2,56,3,27,202,10,236,3,9,2,0,0,0,184,10,7,1,0,0,46,32,20,35,24,7,0,0,0,225,0,3,181
de-krg-12060000,Barnim,Deutschland › Brandenburg,707,8,86,12,75,291,12,220,3,6,1,2,0,4,271,9,8,3,0,0,95,65,15,33,21,20,0,0,0,207,0,12,163
de-krg-12061000,Dahme-Spreewald,Deutschland › Brandenburg,572,5,80,16,56,216,10,185,4,4,2,1,0,2,202,6,5,3,0,0,65,36,23,16,22,17,0,0,0,176,0,16,144
de-krg-12062000,Elbe-Elster,Deutschland › Brandenburg,288,3,60,16,2,131,8,65,3,1,0,0,0,0,125,3,3,0,0,0,52,14,2,10,9,17,0,0,0,64,0,16,58
de-krg-12063000,Havelland,Deutschland › Brandenburg,697,4,97,13,21,344,8,207,3,6,2,1,0,0,320,12,7,4,1,0,192,41,15,17,19,12,0,0,0,198,1,13,173
de-krg-12064000,Märkisch-Oderland,Deutschland › Brandenburg,636,6,75,18,89,236,8,201,3,4,1,0,0,1,221,8,5,2,0,0,90,37,20,14,21,15,0,0,0,195,0,18,158
de-krg-12065000,Oberhavel,Deutschland › Brandenburg,511,5,79,13,30,190,9,181,4,4,0,1,0,7,171,7,6,4,1,1,52,39,16,13,16,16,0,0,0,169,2,13,128
de-krg-12066000,Oberspreewald-Lausitz,Deutschland › Brandenburg,366,2,62,17,2,200,9,71,3,1,0,0,0,0,192,7,1,0,0,0,61,27,14,28,17,26,0,0,0,70,0,17,61
de-krg-12067000,Oder-Spree/Frankfurt (Oder),Deutschland › Brandenburg,674,5,74,16,46,280,10,240,3,3,4,1,0,3,263,8,5,3,0,1,137,42,12,15,13,19,0,0,0,229,1,16,184
de-krg-12068000,Ostprignitz-Ruppin,Deutschland › Brandenburg,410,5,86,16,17,138,11,134,3,5,1,1,0,9,129,3,5,1,0,0,44,18,11,10,12,16,0,0,0,118,0,16,85
de-krg-12069000,Potsdam-Mittelmark/Brandenburg an der Havel,Deutschland › Brandenburg,643,5,87,13,45,244,8,238,3,9,2,0,0,0,227,8,7,2,0,0,72,42,24,21,22,17,0,1,0,227,0,12,188
de-krg-12070000,Prignitz,Deutschland › Brandenburg,249,3,64,14,1,96,8,59,4,0,0,0,0,0,87,5,4,0,0,0,40,8,3,7,9,9,0,1,0,59,0,13,52
de-krg-12071000,Spree-Neiße/Cottbus,Deutschland › Brandenburg,349,2,62,18,3,143,9,109,3,1,0,0,0,0,136,4,3,0,0,0,46,29,8,11,10,15,0,0,0,108,0,18,90
de-krg-12072000,Teltow-Fläming,Deutschland › Brandenburg,447,4,79,12,14,171,10,153,4,4,0,0,0,0,163,5,3,0,0,0,49,32,14,20,12,14,0,0,0,149,0,12,133
de-krg-12073000,Uckermark,Deutschland › Brandenburg,694,7,103,17,32,275,10,246,4,6,1,3,0,2,257,8,7,2,0,1,96,48,16,29,24,19,0,0,0,234,1,17,184
de-krg-13003000,Rostock,Deutschland › Mecklenburg-Vorpommern,550,3,90,0,85,168,9,191,4,4,4,0,0,0,133,10,11,10,0,0,44,23,17,14,15,9,0,0,0,183,4,0,150
de-krg-13071000,Mecklenburgische Seenplatte,Deutschland › Mecklenburg-Vorpommern,847,7,84,15,46,317,11,363,4,34,5,3,1,6,294,7,12,4,0,0,121,68,14,17,20,26,0,0,0,314,0,15,235
de-krg-13072000,Landkreis Rostock,Deutschland › Mecklenburg-Vorpommern,830,7,80,13,81,355,11,279,4,9,6,2,0,0,310,19,17,6,3,0,99,75,32,24,33,29,0,1,0,262,3,12,205
de-krg-13073000,Vorpommern-Rügen,Deutschland › Mecklenburg-Vorpommern,784,7,97,10,52,304,11,299,4,12,6,0,0,0,270,10,17,5,0,1,102,50,23,33,18,21,0,0,0,281,2,10,216
de-krg-13074000,Nordwestmecklenburg/Schwerin,Deutschland › Mecklenburg-Vorpommern,670,6,84,4,144,183,10,236,3,6,2,4,0,0,160,8,12,2,0,0,69,27,10,12,13,18,0,0,0,224,1,4,176
de-krg-13075000,Vorpommern-Greifswald,Deutschland › Mecklenburg-Vorpommern,965,6,122,14,30,464,12,312,5,16,3,3,0,0,428,16,15,5,0,0,260,59,18,17,23,23,0,0,0,290,0,14,236
de-krg-13076000,Ludwigslust-Parchim,Deutschland › Mecklenburg-Vorpommern,711,6,70,18,119,247,11,236,4,6,4,6,0,0,219,15,8,4,1,0,77,43,16,15,20,24,0,1,0,220,1,17,174
de-krg-14511000,"Chemnitz, Stadt",Deutschland › Sachsen,591,4,42,2,18,363,9,150,3,2,1,0,0,0,349,10,4,0,0,0,132,65,36,37,42,16,0,0,0,147,0,2,114
de-krg-14521000,Erzgebirgskreis,Deutschland › Sachsen,870,3,49,4,20,611,7,173,3,5,2,1,0,0,599,7,4,1,0,0,407,64,34,14,39,15,0,1,0,165,0,3,118
de-krg-14522000,Mittelsachsen,Deutschland › Sachsen,600,7,52,8,13,316,9,190,5,4,2,0,0,0,306,7,3,0,0,0,146,49,21,20,25,15,0,1,0,184,0,7,142
de-krg-14523000,Vogtlandkreis,Deutschland › Sachsen,362,3,54,7,6,152,5,132,3,4,2,0,0,0,144,5,3,0,0,0,55,21,10,10,20,12,0,1,0,126,0,6,105
de-krg-14524000,Zwickau,Deutschland › Sachsen,617,6,53,10,26,276,6,237,3,10,5,1,0,0,254,15,4,3,0,0,108,40,20,17,30,20,0,0,0,221,0,10,188
de-krg-14612000,"Dresden, Stadt",Deutschland › Sachsen,1038,6,63,2,26,608,9,320,4,12,3,2,0,0,586,13,7,2,0,0,253,85,101,36,46,20,0,0,0,303,0,2,235
de-krg-14625000,Bautzen,Deutschland › Sachsen,1266,9,78,15,27,900,12,220,5,8,3,2,0,0,884,8,5,2,1,0,561,130,24,28,48,46,0,1,0,207,1,14,176
de-krg-14626000,Görlitz,Deutschland › Sachsen,786,8,78,14,22,374,11,275,4,8,10,2,0,0,356,11,5,2,0,0,126,64,17,26,36,52,0,1,0,255,0,13,198
de-krg-14627000,Meißen,Deutschland › Sachsen,671,5,84,13,11,359,8,188,3,5,1,0,0,0,350,4,4,1,0,0,121,67,25,25,49,28,0,0,0,182,0,13,154
de-krg-14628000,Sächsische Schweiz-Osterzgebirge,Deutschland › Sachsen,815,4,57,13,33,416,11,277,4,6,10,6,0,0,400,9,6,1,0,0,157,76,37,23,44,27,0,1,0,255,0,12,189
de-krg-14713000,"Leipzig, Stadt",Deutschland › Sachsen,780,6,67,9,62,354,10,269,3,9,3,0,0,0,316,23,9,4,2,0,108,53,32,37,45,19,0,0,0,257,2,9,206
de-krg-14729000,Leipzig,Deutschland › Sachsen,947,7,90,15,18,552,10,251,4,5,3,2,0,0,523,17,8,3,0,1,283,83,28,27,46,21,0,0,0,241,1,15,198
de-krg-14730000,Nordsachsen,Deutschland › Sachsen,643,5,95,10,4,352,7,167,3,5,1,0,0,0,340,6,6,0,0,0,176,48,18,18,28,23,0,0,0,161,0,10,138
de-krg-15002000,"Halle (Saale), Stadt",Deutschland › Sachsen-Anhalt,480,2,65,3,10,219,8,171,2,1,1,0,0,0,202,10,5,2,0,0,61,32,20,37,28,8,0,0,0,169,0,3,136
de-krg-15003000,"Magdeburg, Landeshauptstadt",Deutschland › Sachsen-Anhalt,329,1,70,0,3,110,7,137,1,3,0,0,0,0,97,6,6,1,0,0,34,17,7,12,13,6,0,0,0,134,0,0,117
de-krg-15081000,Altmarkkreis Salzwedel,Deutschland › Sachsen-Anhalt,222,3,52,13,3,78,9,60,4,0,0,0,0,0,72,2,4,0,0,0,32,6,3,6,8,9,0,0,0,60,0,13,54
de-krg-15082000,Anhalt-Bitterfeld/Dessau-Roßlau,Deutschland › Sachsen-Anhalt,815,6,63,12,19,394,11,307,3,16,2,0,0,0,367,15,10,1,0,1,187,61,22,24,28,24,0,1,0,289,1,11,235
de-krg-15083000,Börde,Deutschland › Sachsen-Anhalt,339,4,58,13,5,139,9,107,4,3,0,0,0,0,129,4,5,1,0,0,63,17,4,10,12,9,0,0,0,104,0,13,95
de-krg-15084000,Burgenlandkreis,Deutschland › Sachsen-Anhalt,442,4,78,14,1,133,9,199,4,4,1,0,0,0,123,3,6,1,0,0,50,20,5,10,13,7,0,0,0,194,0,14,149
de-krg-15085000,Harz,Deutschland › Sachsen-Anhalt,764,4,59,11,40,321,8,318,3,6,9,4,0,0,300,6,13,1,0,1,178,40,16,15,17,8,0,1,0,299,1,10,221
de-krg-15086000,Jerichower Land,Deutschland › Sachsen-Anhalt,273,1,74,15,4,89,8,80,2,4,0,0,0,0,82,3,4,0,0,0,42,6,3,6,5,6,0,0,0,76,0,15,73
de-krg-15087000,Mansfeld-Südharz,Deutschland › Sachsen-Anhalt,314,2,93,7,4,74,8,123,3,1,0,0,0,0,69,3,2,0,0,0,32,11,1,7,8,1,0,1,0,122,0,6,99
de-krg-15088000,Saalekreis,Deutschland › Sachsen-Anhalt,589,3,99,8,6,253,7,210,3,4,1,0,0,0,237,10,4,2,0,0,109,33,21,25,18,12,0,0,0,205,0,8,175
de-krg-15089000,Salzlandkreis,Deutschland › Sachsen-Anhalt,382,4,76,14,6,132,8,139,3,2,0,0,0,0,125,3,4,0,0,0,50,24,9,11,10,9,0,0,0,137,0,14,119
de-krg-15090000,Stendal,Deutschland › Sachsen-Anhalt,343,5,87,15,4,138,8,82,4,2,0,0,0,0,126,4,7,1,0,0,40,22,10,8,11,21,0,0,0,80,0,15,73
de-krg-15091000,Wittenberg,Deutschland › Sachsen-Anhalt,573,5,67,14,15,236,10,223,3,8,2,0,0,0,226,7,2,1,0,0,109,19,18,15,18,12,0,1,0,213,0,13,185
de-krg-16051000,"Erfurt, Stadt",Deutschland › Thüringen,313,3,70,9,4,80,5,141,1,2,1,0,0,0,73,5,2,0,0,0,20,7,5,9,11,11,0,0,0,138,0,9,107
de-krg-16053000,"Jena, Stadt",Deutschland › Thüringen,587,3,53,1,23,215,8,281,3,6,2,20,0,0,196,8,9,2,0,0,60,41,13,21,22,17,0,0,0,253,0,1,187
de-krg-16061000,Eichsfeld,Deutschland › Thüringen,291,5,54,3,8,106,7,105,3,2,1,0,0,0,98,5,3,0,0,0,40,12,11,8,15,3,0,0,0,102,0,3,81
de-krg-16062000,Nordhausen,Deutschland › Thüringen,327,5,62,11,7,76,13,149,4,1,1,1,0,0,70,2,3,0,0,1,29,6,2,9,8,5,0,1,0,146,1,10,89
de-krg-16063000,Wartburgkreis,Deutschland › Thüringen,519,5,71,14,10,194,9,213,3,5,2,6,0,0,183,5,5,1,0,0,92,25,9,9,15,11,0,1,0,200,0,13,152
de-krg-16064000,Unstrut-Hainich-Kreis,Deutschland › Thüringen,256,5,62,3,6,89,5,83,3,1,0,1,0,0,82,4,3,0,0,0,31,6,5,8,8,13,0,0,0,81,0,3,58
de-krg-16065000,Kyffhäuserkreis,Deutschland › Thüringen,415,2,74,5,5,157,6,161,5,2,0,0,0,0,152,2,3,0,0,0,67,22,9,14,15,4,0,0,0,159,0,5,109
de-krg-16066000,Schmalkalden-Meiningen/Suhl,Deutschland › Thüringen,357,3,54,11,12,121,6,147,3,3,2,4,0,0,113,4,4,0,0,0,65,11,5,6,9,3,0,1,0,138,0,10,102
de-krg-16067000,Gotha,Deutschland › Thüringen,286,3,53,5,5,91,7,118,4,1,1,1,0,0,84,3,4,0,0,0,30,8,2,7,10,18,0,0,0,115,0,5,85
de-krg-16068000,Sömmerda,Deutschland › Thüringen,181,3,88,13,0,42,3,32,0,1,0,0,0,0,39,2,1,0,0,0,15,4,2,7,3,5,0,0,0,31,0,13,30
de-krg-16069000,Hildburghausen,Deutschland › Thüringen,253,4,61,8,6,89,4,79,2,0,0,1,0,0,83,3,3,0,0,0,46,10,3,6,11,1,0,1,0,78,0,7,56
de-krg-16070000,Ilm-Kreis,Deutschland › Thüringen,311,3,52,5,6,113,5,123,4,2,2,1,0,0,106,5,2,0,0,0,56,9,2,7,9,15,0,0,0,118,0,5,89
de-krg-16071000,Weimarer Land/Weimar,Deutschland › Thüringen,375,3,58,2,3,141,6,159,3,2,1,0,0,0,128,8,4,1,0,0,47,14,6,10,26,11,0,0,0,156,0,2,113
de-krg-16072000,Sonneberg,Deutschland › Thüringen,149,2,46,3,6,65,1,24,2,0,1,0,0,0,63,1,1,0,0,0,29,7,3,7,5,3,0,1,0,23,0,2,17
de-krg-16073000,Saalfeld-Rudolstadt,Deutschland › Thüringen,629,6,63,11,20,209,16,300,4,6,3,0,0,0,197,6,5,1,0,0,117,21,6,11,11,16,0,1,0,291,0,10,221
de-krg-16074000,Saale-Holzland-Kreis,Deutschland › Thüringen,411,3,59,12,11,139,8,175,4,2,1,2,0,0,126,5,7,1,0,0,54,19,3,7,12,13,0,0,0,170,0,12,129
de-krg-16075000,Saale-Orla-Kreis,Deutschland › Thüringen,270,5,62,10,6,77,5,100,5,1,3,1,0,0,73,2,2,0,0,0,36,7,1,6,8,9,0,0,0,95,0,10,81
de-krg-16076000,Greiz/Gera,Deutschland › Thüringen,281,5,56,13,6,89,5,102,5,2,1,0,0,0,81,5,3,0,0,0,29,10,5,9,13,6,0,0,0,99,0,13,85
de-krg-16077000,Altenburger Land,Deutschland › Thüringen,230,5,75,5,1,80,5,56,3,1,0,0,0,0,74,3,3,0,0,0,29,10,1,7,7,11,0,0,0,55,0,5,50
